[
	{
		"id": "aa32jj887hhg55",
		"name": "묵전",
		"latitude":37.526107,
		"longitude":127.035367,
		"link": "",
		"bgColor" : "#FF0000",
		"icon" : "🍚",
		"image" : ["무쇠삼겹_1", "무쇠삼겹_2", "무쇠삼겹_3"],
        "hasFutory": true,
	},
    {
        "id": "aa32jj887hhg56",
        "name": "라팰리스",
        "latitude":37.524051,
        "longitude":127.040978,
        "link": "",
        "bgColor" : "#FF0000",
        "icon" : "🍝",
        "image" : ["무쇠삼겹_1", "무쇠삼겹_2", "무쇠삼겹_3"],
        "hasFutory": true,
    },
    {
        "id": "aa32jj887hhg57",
        "name": "우텐더",
        "latitude":37.526968,
        "longitude":127.035812,
        "link": "",
        "bgColor" : "#FF0000",
        "icon" : "🍚",
        "image" : ["무쇠삼겹_1", "무쇠삼겹_2", "무쇠삼겹_3"],
        "hasFutory": false,
    },
    {
        "id": "aa32jj887hhg58",
        "name": "런던베이글뮤지엄",
        "latitude": 37.526051,
        "longitude": 127.036478,
        "link": "",
        "bgColor" : "#FF0000",
        "icon" : "☕️",
        "image" : ["무쇠삼겹_1", "무쇠삼겹_2", "무쇠삼겹_3"],
        "hasFutory": false,
    },
]
 
 
